{"HR_regression": [2.146532192151117, -0.1323354385608042, -0.0005042514586196395], "Temp_regression": [0.011087275676957636, 0.5823465860547649, -5.2848231451459865e-05], "weight_regression": [-0.0019763243306386014, 1.6837443452387844, 0.00010746629034079705]}