{
    "HR_regression": [
        1.6388532395108066,
        0.18397770893993481,
        -0.0007888879843023951
    ],
    "Temp_regression": [
        0.06824520087034547,
        0.5175310548742464,
        6.673977415624054e-05
    ],
    "weight_regression": [
        0.02403386475432101,
        1.623539163471389,
        6.080451168376591e-05
    ]
}